{
    "trainloss": [
        1.253207050450643,
        1.131485266749064,
        1.0915943599700928,
        1.0697226366678874,
        1.0573459059397379,
        1.0398473962148032,
        1.0218371442159018,
        1.0045919422149658,
        0.9896297383626302,
        0.9758818119049072
    ],
    "trainacc": [
        69.96833333333333,
        74.46833333333333,
        75.785,
        76.39,
        76.815,
        77.12166666666667,
        77.56166666666667,
        77.77833333333334,
        77.97833333333334,
        78.18
    ],
    "testloss": [
        0.4793312467575073,
        0.4037834142684937,
        0.4062689100265503,
        0.3800375057220459,
        0.40534701843261717,
        0.3578614654541016,
        0.3493701780319214,
        0.3832963642120361,
        0.3619559072494507,
        0.3233461627960205
    ],
    "testacc": [
        91.6,
        94.54,
        95.03,
        95.11,
        95.55,
        95.6,
        96.29,
        96.46,
        96.68,
        96.84
    ]
}